rt,Output1.txt,Output3.txt,Output4.txt,Output5.txt,Output6.txt,Output7.txt
0.0,-0.004,0.01,0.003,-0.016,0.023,0.025
0.033444816053511704,0.005013766912891092,0.0,0.001,0.0010137669128910919,0.003013766912891092,0.003
0.06688963210702341,0.010052732798805142,0.002026366399402571,0.001,0.006026366399402571,0.006026366399402571,0.006026366399402571
0.1003344481605351,0.015040149839199891,0.0,0.0,0.012040149839199892,0.009959850160800109,0.007959850160800109
0.13377926421404682,0.013,-0.001,0.002,0.01605386861079698,0.008,0.00605386861079698
0.16722408026755853,0.013,-6.651623860246304e-05,0.0,0.018133032477204925,0.003933483761397537,0.011066516238602463
0.2006688963210702,0.013080299678399784,-0.001,0.001919700321600216,0.02,0.003,0.013
0.23411371237458192,0.012906029691297132,0.001,0.005,0.017,0.005,0.013906029691297133
0.26755852842809363,0.012106666077802355,-0.001,0.007893333922197645,0.017,0.006893333922197645,0.013
0.3010033444816053,0.009759100964800642,-0.002,0.012120449517599679,0.018,0.0007591009648006416,0.011
0.33444816053511706,0.005,0.0,0.013865927993391241,0.020134072006608758,-0.003,0.008
0.36789297658862874,0.007,0.001,0.00885318408299775,0.02714681591700225,-0.0008531840829977499,0.00914681591700225
0.4013377926421404,0.004,0.003160599356799568,0.006839400643200432,0.029,0.0043211987135991356,0.012
0.43478260869565216,0.005,0.007174173704514649,0.007174173704514649,0.026825826295485352,0.008174173704514648,0.012348347409029297
0.46822742474916385,0.006186965756202145,0.008,0.007813034243797855,0.022813034243797853,0.01037393151240429,0.016186965756202147
0.5016722408026756,0.008,0.011,0.005,0.01879925080400053,0.01620074919599947,0.02
0.5351170568561873,0.006214275402420539,0.01221427540242054,0.0047857245975794615,0.013571449195158923,0.019214275402420537,0.01778572459757946
0.568561872909699,0.0037728844045979647,0.016227115595402037,0.006,0.007772884404597964,0.019,0.020227115595402037
0.6020066889632106,0.003,0.019759100964800644,0.006,0.0067591009648006435,0.017,0.024481798070398714
0.6354515050167224,0.001745622899673564,0.020508754200652873,0.005745622899673564,0.006254377100326437,0.012745622899673563,0.028
0.6688963210702341,0.004267265434601934,0.02046546913079613,0.0027327345653980657,0.009267265434601935,0.0054654691307961314,0.028
0.7023411371237458,0.006281048874399259,0.01671895112560074,0.0012810488743992586,0.011,-0.0035620977487985173,0.026437902251201482
0.7357859531772575,0.0057055212017676936,0.012,0.001,0.011,-0.009294478798232307,0.024294478798232308
0.7692307692307692,0.002,0.009692584726198177,0.001,0.009,-0.013,0.025
0.8026755852842808,-0.0003211987135991378,0.009,0.0013211987135991379,0.01,-0.011321198713599137,0.028
0.8361204013377926,0.0016691609922764078,0.009665419503861796,0.004,0.014334580496138205,-0.013,0.030334580496138203
0.8695652173913043,0.004695130226003431,0.008347565113001715,0.008347565113001715,0.019,-0.011652434886998284,0.031
0.903010033444816,0.008,0.00863865144720096,0.012,0.02436134855279904,-0.008,0.03408404565839712
0.9364548494983277,0.008,0.007,0.011374682194044087,0.026,-0.005625317805955913,0.04274936438808818
0.9698996655518394,0.007387714952201604,0.008387714952201605,0.012,0.02422457009559679,-0.005387714952201604,0.04977542990440321
1.0033444816053512,0.007401498391998942,0.007598501608001058,0.014401498391998942,0.022,-0.007,0.051
1.0367892976588629,0.004585216108050029,0.00841478389194997,0.015585216108050028,0.018,-0.006,0.04858521610805003
1.0702341137123745,0.002572135208598493,0.013427864791401506,0.013,0.017572135208598492,-0.006427864791401507,0.04114427041719699
1.1036789297658862,-0.001441648231198818,0.018,0.013,0.014,-0.0025583517688011824,0.03055835176880118
1.137123745819398,-0.006364656769567607,0.02045488558985587,0.012,0.015,-0.002,0.02509022882028826
1.1705685618729096,-0.012,0.025,0.010468014630601381,0.013531985369398617,-0.002,0.018063970738797237
1.2040133779264213,-0.01051820192960128,0.01951820192960128,0.012,0.01396359614079744,0.0,0.01351820192960128
1.237458193979933,-0.009,0.01550501271223826,0.01,0.014,-0.002,0.017505012712238262
1.2709030100334449,-0.01,0.015,0.01,0.01650816446980131,0.002508164469801311,0.01549183553019869
1.3043478260869565,-0.007478052090401378,0.016478052090401377,0.009478052090401378,0.018521947909598623,0.005,0.013478052090401378
1.3377926421404682,-0.0049298220286646734,0.015535088985667663,0.008,0.022535088985667664,0.0065350889856676635,0.013
1.37123745819398,0.0015483143090011867,0.016548314309001187,0.008,0.023451685690998814,0.004451685690998813,0.015
1.4046822742474916,0.005124195497597019,0.014,0.005437902251201491,0.021,0.003,0.009313706753604472
1.4381270903010033,0.013725572050720601,0.016575190683573535,0.002575190683573534,0.02215038136714707,0.015451144101441203,-0.024052669570029474
1.471571906354515,0.02776539244460322,0.02676539244460322,0.011176928296402147,0.034353856592804294,0.029,-0.04623460755539678
1.5050167224080266,0.0346022475879984,0.0398067427639952,0.0232044951759968,0.0468067427639952,0.0287955048240032,-0.0203865144720096
1.5384615384615383,0.030615292381479402,0.043,0.02723058476295881,0.045,0.016384707618520598,-0.005001199040767741
1.57190635451505,0.5134092352660092,0.48943814716521694,0.5025812171022218,0.5059526031148208,0.4636953751400189,0.6018384450770238
1.6053511705685617,1.0328415125247412,1.0888350765055173,1.0987622687871121,1.1024774739327157,1.076689461068707,1.095762268787112
1.6387959866220736,1.153223867728559,1.2438116262842565,1.244257685490403,1.2644670203636417,1.248122414443027,1.1748728335057699
1.6722408026755853,0.6277672152473037,0.7274359790739047,0.7247672152473038,0.7544359790739046,0.7387672152473037,0.664429687594102
1.705685618729097,-0.27476417991946134,-0.22205003071462906,-0.24768493618183257,-0.20941512524742545,-0.21441512524742545,-0.34030380178827574
1.7391304347826086,-0.6796197998123249,-0.6660972786987809,-0.6653152955896161,-0.6620972786987809,-0.6744882702533632,-0.6368828589302481
1.7725752508361203,-0.22881754708572388,-0.21381754708572387,-0.21652646075152465,-0.21623537441732543,-0.2261086334199231,-0.2094512520727354
1.806020066889632,-0.017377966571244158,-0.0006552694656460772,-0.011100663676842239,-0.003932572360047997,-0.01137796657124416,-0.04343684631043072
1.8394648829431437,0.021206792425591287,0.035206792425591285,0.026677987375985483,0.04367798737598548,0.02420679242559129,-0.021264402524802904
1.8729096989966554,0.026250936494999353,0.04174906350500065,0.036749063505000644,0.054749063505000646,0.02750187298999871,-0.01949812701000129
1.906354515050167,0.014474306110404076,0.043,0.03347430611040408,0.04923715305520204,0.019474306110404075,-0.028762846944797964
1.9397993311036787,0.012775699173102966,0.042,0.03,0.041224300826897035,0.014,-0.031224300826897033
1.9732441471571907,0.019578426688401103,0.03921078665579945,0.029789213344200552,0.04278921334420055,0.014789213344200552,-0.026210786655799446
2.0066889632107023,0.027802996783997884,0.038,0.03280299678399789,0.046,0.014802996783997885,-0.026
2.040133779264214,0.028815800871008893,0.03863160174201778,0.035,0.04318419912899111,0.014,-0.02136839825798222
2.0735785953177257,0.027170636816599567,0.04017063681659957,0.03634127363319913,0.043170636816599564,0.015170636816599569,-0.02182936318340043
2.1070234113712374,0.01615685337680224,0.02847056013040672,0.02062741350720896,0.03615685337680224,0.00647056013040672,-0.02384314662319776
2.140468227424749,0.011144097431085237,0.029567707706744283,0.018711805137829524,0.033,0.005855902568914761,-0.02385590256891476
2.1739130434782608,0.008,0.05334756511300175,0.031608539067801054,0.03213048697739965,0.018608539067801053,-0.023
2.2073578595317724,0.01476659292479527,0.05335011061280709,0.03323340707520473,0.03488329646239764,0.023,-0.021
2.240802675585284,0.01789600426682063,0.04220799146635874,0.019519978665896838,0.03889600426682063,0.016207991466358738,-0.021
2.274247491638796,0.015,0.03709033713819977,0.013,0.03609033713819977,0.009,-0.020090337138199774
2.3076923076923075,0.00515310739680497,0.035,0.013,0.03307655369840248,0.009,-0.018076553698402484
2.341137123745819,-0.0009361059647265026,0.035,0.018936105964726502,0.0280638940352735,0.007936105964726502,-0.015
2.374581939799331,-0.002,0.03,0.0229498127010001,0.029,0.009,-0.014
2.4080267558528425,-0.0010364038592025598,0.028,0.02896359614079744,0.02892719228159488,0.01196359614079744,-0.01303640385920256
2.441471571906354,0.0039524153252648506,0.029976207662632426,0.036952415325264845,0.038928622987897274,0.016976207662632425,-0.011
2.474916387959866,0.013979925080399956,0.038979925080399956,0.046969887620599934,0.05196988762059993,0.022979925080399956,-0.005030112379400067
2.508361204013378,0.03001870744207319,0.058037414884146384,0.059022448930487824,0.06801122446524392,0.03501496595365856,0.013059863814634212
2.5418060200668897,0.07362049970489963,0.23851072201456375,0.15479618335628842,0.09542455242966817,0.07980011804052849,0.29912728703522334
2.5752508361204014,0.6412067515969528,3.522206795761745,1.9585110432132495,0.49905124323976574,0.9455352977311209,3.7629285814660016
2.608695652173913,4.763066051506621,23.26060092795329,14.778214941090607,3.5983534042331353,8.742268272338652,14.71073574184131
2.6421404682274248,11.931462160784053,49.66048922177568,35.89341960596949,9.402814282903803,25.916399844218645,20.5785013470271
2.6755852842809364,11.971977769034012,43.91448407858116,35.09304760967925,9.83953194120456,29.6229703774486,13.376311795621216
2.709030100334448,6.048743673957181,19.961564106574365,17.291946612609653,5.196478060361097,16.56619290520767,4.925010185831294
2.74247491638796,1.9119171748967208,5.630093175731852,5.185776212826285,1.7505508357189081,5.465133526320246,1.3331507827211195
2.7759197324414715,0.5861922012952335,1.3662579506719066,1.3035766038857006,0.6048483821622291,1.414160121573712,0.4791544524164179
2.809364548494983,0.3445114410144129,0.5603014845648581,0.535673624311255,0.3917595341786774,0.5391850653256679,0.3587519068357355
2.842809364548495,0.33268389228601125,0.4567264430855955,0.4397264430855955,0.38895744920041575,0.41545288617119097,0.36695744920041573
2.8762541806020065,0.3560539332789971,0.46145168569099876,0.44975280948499796,0.41920449517599667,0.4179033713819975,0.3963550570729963
2.9096989966555182,0.38714903796026723,0.4823131862403054,0.4753131862403054,0.45564148280038175,0.4423131862403054,0.4338056310804199
2.94314381270903,0.4214154263712173,0.5114154263712174,0.5105923546676195,0.4949462112604239,0.47976928296402166,0.47394621126042386
2.9765886287625416,0.4577164056257952,0.5470978290981942,0.5507164056257952,0.5380978290981941,0.5232885408343936,0.5248606760429919
3.0100334448160533,0.5090849995588809,0.6022892495368249,0.6020849995588808,0.5958807495809368,0.5788807495809368,0.6047189993824332
3.043478260869565,0.6333343598308883,0.7219002035596842,0.7065977347460718,0.7018148128816739,0.6808148128816739,0.7416831254240821
3.0769230769230766,0.8166961861667722,0.8917727398651748,0.8573110167143762,0.8573110167143762,0.8347727398651748,0.8896949856865808
3.1103678929765883,0.931176571786049,1.020796660330597,0.9696200885445481,0.9664209234618988,0.9511539784894485,1.0360142441230926
3.1438127090301,1.0254077457069755,1.664420541460713,1.2938244287681535,1.0343469427904926,1.0583499219085601,2.5764392954505855
3.1772575250836117,2.624440190792001,10.087811705283954,5.986406396672281,1.952325510806308,2.7499409074666232,11.895630766018664
3.2107023411371234,9.916292309296235,41.36576060489348,27.39935215305974,7.079176956762237,14.8302865306414,24.156476444262584
3.2441471571906355,16.043020263623845,60.87411922093251,46.285650178466035,12.974245524296677,34.60045645147692,19.957059048368503
3.277591973244147,11.089943557356019,37.86162654627055,32.24794454102701,10.195210766580853,31.5896830531543,8.376955951611377
3.311036789297659,4.265445650168836,12.49420888573425,11.611583223053689,4.414138170400142,13.894365450783212,2.7035829744231417
3.3444816053511706,1.599217644248339,3.3232251121184397,3.256051162940106,1.82150484006312,4.119467922285989,1.3755721793734232
3.3779264214046822,1.0740554228380317,1.5249782468171216,1.51068086900312,1.2663528006520335,1.6583864703071867,1.1975408223490065
3.411371237458194,1.0334586270782706,1.2926241187651883,1.278988775534756,1.2184586270782707,1.2964361781477824,1.208917254156541
3.4448160535117056,1.060021419939213,1.28826606495441,1.2756437424468114,1.2525321299088197,1.2897767749240165,1.2453990974316147
3.4782608695652173,1.0955231483897905,1.3205231483897906,1.3095231483897904,1.3044804530507852,1.3350889921185864,1.2890889921185864
3.511705685618729,1.1344523431422084,1.366666618544629,1.351857101609682,1.3644761354795762,1.389666618544629,1.335857101609682
3.5451505016722407,1.1810139279792184,1.4208495826424217,1.4078495826424215,1.4282674099740231,1.4448495826424217,1.393103064637226
3.5785953177257523,1.228179329256786,1.4790425507995837,1.4704741615709824,1.4904741615709824,1.4966109400281848,1.4632006046565778
3.612040133779264,1.277783182149932,1.5386729024806907,1.533228042315311,1.5502280423153112,1.5453383219845525,1.5380074829768289
3.6454849498327757,1.323495726049617,1.5954116803912197,1.587495726049617,1.603495726049617,1.595495726049617,1.6063276347328226
3.6789297658862874,1.3657176061059872,1.6491328879377833,1.6336611273271846,1.656604648548382,1.6446611273271847,1.6651328879377834
3.712374581939799,1.4063345804961376,1.698819542359423,1.6783345804961376,1.7113045042227082,1.6878195423594229,1.7123345804961376
3.7458193979933108,1.4434831430900117,1.7444793971100143,1.719981270100013,1.7634756511300167,1.7364756511300168,1.7499812701000128
3.7792642140468224,1.484631014947785,1.7846071940481876,1.7641429253975836,1.8131429253975835,1.7901667462971806,1.7856071940481877
3.812709030100334,1.5272506356119115,1.8203007627342938,1.8148258262954848,1.8633007627342937,1.8413508898566762,1.8395513983462053
3.846153846153846,1.5822272601348222,1.9289114414996733,1.897916243420443,1.9136124295872186,1.898688983285621,2.194801274355883
3.8795986622073575,1.902692962134678,3.5963584778392494,2.688945520683167,2.100143114101823,2.1334652242167707,6.237638968630846
3.913043478260869,5.102701647377702,19.14585350849734,11.546856271504401,4.08903253049731,5.463200187675885,17.487525753310322
3.9464882943143813,12.212043253421774,45.86419055113685,32.94133416711167,9.864013574660637,20.823968129057654,17.474892273966436
3.979933110367893,10.725928830395041,34.432667503121685,29.791724531953275,10.006480633725067,28.262590969498177,7.724764163859534
4.013377926421405,4.666364211640752,11.529301292076813,11.378407786145765,5.019785568200986,14.228564784293072,3.1875507206275255
4.046822742474916,2.3076859037929647,3.7052217676368504,3.791427318753619,2.714118715044556,4.77656389646164,2.3234111022335378
4.080267558528428,1.9178233607824406,2.427558163064559,2.431131643292771,2.3031910008150422,2.60827812596611,2.2436323599673984
4.113712374581939,1.902226843274544,2.298773156725456,2.2911277880705474,2.2888722119294527,2.336964838831277,2.269453686549088
4.147157190635451,1.9292698109344066,2.304293631834004,2.303269810934407,2.3219285373012077,2.3286349054672035,2.318222169135212
4.180602006688963,1.9643800784527856,2.327035058839589,2.3387250980659817,2.36439760787258,2.3557075686461872,2.3867776863253654
4.214046822742475,1.9927982924697032,2.356798292469703,2.3849111145865916,2.4135965849394063,2.3932256442337767,2.476451288467554
4.247491638795986,2.022892133442005,2.3838921334420053,2.4394831430900106,2.4768808955020125,2.4498808955020124,2.5672786479140135
4.280936454849498,2.0512759578747883,2.4142759578747883,2.490839256103779,2.5621038314991536,2.522827873624365,2.6084253192915963
4.31438127090301,2.0790790043550444,2.444530148456486,2.5226278602536034,2.6616881571665747,2.5956091528115306,2.586469851543514
4.3478260869565215,2.1099122083616058,2.482390260452007,2.536217078135602,2.7276512344068062,2.630956104180803,2.560782921864398
4.381270903010034,2.1400224758799844,2.5160224758799843,2.5537640474249903,2.7174719051500196,2.6294943810300038,2.565011237939992
4.414715719063545,2.1786567374862646,2.542594042491759,2.5793597162403854,2.6718746100109882,2.627531347497253,2.5875940424917587
4.448160535117057,2.221350110612807,2.5656750553064036,2.609454231190804,2.6607791758844006,2.6492334070752044,2.6152334070752046
4.481605351170568,2.2822732678355626,2.5933436745935836,2.642136633917781,2.6779647966209894,2.680136633917781,2.6465507152693855
4.51505016722408,2.3627270598237122,2.6278635299118562,2.6788635299118564,2.7038346526791943,2.7122519790187916,2.6991155089306473
4.548494983277592,2.4675797717080137,2.7651721263756324,2.762315051773217,2.7438319086832053,2.756289885854007,3.118470082347314
4.581939799331104,2.9007779633592543,5.059020392103316,3.8105223012281777,2.965637972914917,3.00780082869268,8.665733902925695
4.615384615384615,7.535661040398354,27.299170171554636,16.805900940785556,5.792701162147141,7.374338129496291,22.522441892639613
4.648829431438127,15.577642309097513,55.23144194935493,41.88164492285194,12.885945645147634,27.691520361990705,17.694521345662146
4.682274247491638,10.369027964363063,30.46111602500556,27.789380548206083,10.394221530752814,30.583370643240666,6.721358032176132
4.7157190635451505,4.214697613146916,8.574377757994192,8.627326965183627,4.832837824723474,12.05599838791164,3.4770830666570336
4.749163879598662,2.7174539421119706,3.670774562667905,3.7117820546279003,3.229260684875967,4.418630770033819,3.0383123617339933
4.782608695652174,2.5487793204238223,3.085810010960908,3.089983193277313,3.039865911582025,3.189832298136651,3.0226536353671905
4.816053511705685,2.561408644322,3.04692608054025,3.0508521610805,3.0582608054025,3.08322175837925,3.0533347248622498
4.849498327759197,2.594457977170802,3.0626988762060012,3.0735182019296015,3.098397752412002,3.1015182019296015,3.097337527653202
4.882943143812708,2.6344891454909716,3.0936284694479794,3.1055820281289765,3.1395355868099744,3.1424891454909716,3.1503962628529663
4.916387959866221,2.6775603690960272,3.1385265513341833,3.1525265513341836,3.1826280046197155,3.1885603690960274,3.2035603690960275
4.949832775919732,2.7178193257235996,3.1868193257235995,3.2017992508039996,3.2287992508039998,3.242739026045199,3.2418394006431996
4.983277591973244,2.7499496681615794,3.2109559596413817,3.226962251121184,3.2719307937221713,3.276955959641382,3.2769433766817766
5.016722408026756,2.787062914798026,3.2480754977576316,3.258044040358618,3.3140754977576314,3.3050566233182237,3.312062914798026
5.050167224080267,2.8261806742763995,3.2982609739547994,3.2972609739547996,3.3632208241155994,3.3401605993567993,3.3572408990351996
5.083612040133779,2.8663381776184407,3.3494058131421287,3.3504734486658165,3.4073719953802843,3.3753043598565964,3.4054058131421283
5.117056856187291,2.904464413190025,3.396603737147032,3.4045572958280297,3.4545108545090275,3.412464413190025,3.4535572958280296
5.150501672240803,2.9384817980703986,3.444662472346798,3.4516022475879984,3.4985420228291986,3.452662472346798,3.497602247587998
5.183946488294314,2.9705174362182496,3.485591355677999,3.488591355677999,3.533591355677999,3.4957391945974994,3.534739194597499
5.217391304347826,3.0037793204238223,3.522779320423822,3.5247793204238222,3.5708659115820245,3.539212276214834,3.5780390938984294
5.250836120401337,3.0420037459799967,3.5639033713819974,3.564003745979997,3.6140037459799967,3.596405244371996,3.623204495175996
5.2842809364548495,3.0789121692612462,3.5979121692612464,3.6062542327342135,3.6563682538918694,3.6503682538918696,3.6702542327342136
5.317725752508361,3.1131406689766203,3.6341406689766202,3.6453941509714247,3.7033941509714245,3.6975208919688267,3.7175208919688267
5.351170568561873,3.147264719934797,3.6694052443719967,3.6855457688091966,3.749826817683596,3.738264719934797,3.7624052443719966
5.384615384615384,3.1865412285556163,3.7066953514111782,3.7296953514111784,3.7995412285556163,3.7742329828444934,3.8045412285556166
5.418060200668896,3.226668908366022,3.751002690039227,3.7780026900392265,3.8460026900392266,3.81050201752942,3.845835799202624
5.4515050167224075,3.2648067427639944,3.8005294398695924,3.8275294398695925,3.891168091316793,3.8511680913167936,3.891987417040394
5.48494983277592,3.3023595718742733,3.8509422455346765,3.877942245534676,3.9337480209812083,3.8981364700881436,3.9331364700881437
5.518394648829431,3.3336563254064155,3.8824492847306136,3.911656325406416,3.9688633660822177,3.9398633660822178,3.97307040675802
5.551839464882943,3.365545768809196,3.915208241155994,3.943987417040395,4.000766592924795,3.976987417040395,4.009987417040395
5.585284280936454,3.3991089362623605,3.953108936262361,3.9791089362623606,4.034108936262361,4.018343262513734,4.04610893626236
5.618729096989966,3.4334719051500198,3.9904719051500197,4.016224714635018,4.067977524120016,4.057471905150019,4.082224714635018
5.652173913043478,3.472348765593193,4.029087791638394,4.053348765593193,4.102087791638393,4.091565843728795,4.117348765593193
5.68561872909699,3.507469851543514,4.060195423594235,4.092744279492793,4.132920995644955,4.1211954235942345,4.149469851543515
5.719063545150502,3.5428734035420195,4.094298722833615,4.130586063187818,4.164298722833616,4.153011382479414,4.183298722833616
5.752508361204013,3.5807101141459925,4.128710114145993,4.169011237939992,4.196408990351993,4.1857101141459925,4.216710114145993
5.785953177257525,3.620774355766223,4.162516237177482,4.205145296471852,4.228516237177482,4.222516237177482,4.250830766824667
5.8193979933110365,3.673912352901026,4.195947411740615,4.2436199215472135,4.258619921547214,4.2579474117406155,4.291274901934018
5.852842809364549,3.730436557231589,4.231071462698792,4.279071462698792,4.295412736331992,4.293412736331992,4.329730189065593
5.88628762541806,3.782255576141093,4.2631277880705465,4.309127788070547,4.331482419415638,4.33219168210582,4.36319168210582
5.919732441471572,3.8193087602934153,4.292308760293415,4.334573480228212,4.359573480228212,4.363573480228212,4.400941120260813
5.953177257525083,3.8578142347239894,4.327814234723989,4.363051387779191,4.389051387779191,4.3882885408343935,4.437432811251591
5.986622073578595,3.8941578643439767,4.360763131300979,4.393368398257983,4.4205525973869735,4.42076313130098,4.471157864343977
6.020066889632107,3.9262623189744117,4.38985452910261,4.42285452910261,4.45085452910261,4.446446739230809,4.49985452910261
6.053511705685619,3.961215733115989,4.415951013181193,4.452529439869593,4.476529439869593,4.475951013181192,4.527951013181193
6.08695652173913,3.996913512668126,4.437609008445417,4.476174173704514,4.500609008445418,4.50604384318632,4.555913512668126
6.120401337792642,4.04027115595402,4.472375276532017,4.505927336821016,4.5275835176880115,4.534583517688011,4.596031457399013
6.153846153846153,4.086770338904792,4.511308615753994,4.543846892603194,4.568693785206389,4.577078954658785,4.610461723150799
6.187290969899665,4.095949872877617,4.523424809316427,4.5474749364388085,4.583,4.603474936438809,4.6198997457552355
6.220735785953177,4.108928537301208,4.5419285373012075,4.559440447751007,4.595440447751007,4.6084642686506045,4.6394404477510065
6.254180602006689,4.130509364949994,4.568516856909988,4.581007491959995,4.617513110929991,4.623509364949994,4.659509364949994
6.2876254180602,4.153605266957003,4.6041503813671465,4.604605266957003,4.644090228820287,4.645575190683573,4.681575190683573
6.321070234113712,4.1867541545046105,4.646338872672814,4.638282393894012,4.674225915115209,4.6686976757258085,4.701641196947006
6.354515050167223,4.224420228291986,4.6915042739503825,4.6809622511211835,4.709878205462787,4.69879415980439,4.723252136975191
6.3879598662207355,4.269216817850067,4.7314411186769645,4.7312168178500675,4.751661678015447,4.731551398346205,4.749330839007723
6.421404682274247,4.329231006114819,4.761978724600207,4.784957449200415,4.805525838429016,4.774957449200415,4.784683892286011
6.454849498327759,4.413389971373164,4.784910863341992,4.8431504173575775,4.868479108031171,4.841479108031171,4.827986072020781
6.488294314381271,4.489523864520424,4.809166690727686,4.903928622987897,4.937309589118004,4.9167143475854775,4.878738139922845
6.521739130434782,4.5416939297458105,4.849519546949214,4.965736625084816,5.010953703220417,4.998170781356019,4.928519546949214
6.555183946488294,4.586845547583582,4.9158241276443695,5.032957160121574,5.074334837613976,5.075201805136771,4.991579482629173
6.588628762541806,4.629718089073891,4.995071521378215,5.099165491686918,5.1401654916869175,5.14380083491735,5.060165491686917
6.622073578595318,4.661892133442006,5.07262246704702,5.159730333605014,5.1994329557910115,5.203432955791012,5.133325089233018
6.655518394648829,4.676,5.158249446935963,5.224599557548771,5.253937085201972,5.250949668161578,5.214586974589165
6.688963210702341,4.677350889856677,5.236210678280118,5.29048256378175,5.313456228996736,5.312807118853412,5.343254810198663
6.722408026755852,4.795862454680868,5.873490402180932,5.635810589118587,5.387420517370827,5.393109356117028,6.365756467135342
6.7558528428093645,5.643358168685533,9.394683567072311,8.12431646103257,5.908361147803602,6.285771760209099,7.112580450240298
6.789297658862876,5.633744034872449,8.85279419407623,8.253991783162135,6.255169710385544,8.270047540562858,5.852500304772922
6.822742474916388,4.85277350672711,6.008702999594502,5.982339394620738,5.5858386779461,6.770823015493842,5.263344730534357
6.856187290969899,4.60743069937005,5.234520414185743,5.2802342743117325,5.276517435067674,5.503127564069109,5.147115647596832
6.889632107023411,4.5516878684343505,5.10815397848945,5.1573983301653,5.1994209234619,5.24059749524795,5.1029548134068
6.9230769230769225,4.502232062055592,5.056770338904793,5.09569378520639,5.144232062055592,5.166693785206391,5.0677703389047934
6.956521739130435,4.440341562712042,4.991775718983247,5.016426953390052,5.075775718983246,5.097341562712042,4.9767294222036655
6.989966555183946,4.321352999205989,4.855782749051598,4.866395498985431,4.940578499073654,4.978761499161878,4.81239549898543
7.023411371237458,4.161009892920382,4.663535586809978,4.659679857227176,4.737679857227176,4.782489145490977,4.6163448750737786
7.056856187290969,3.977492558227307,4.4510849128949275,4.418500339266145,4.494677267562547,4.5459695543769385,4.408907984598525
7.090301003344481,3.744326231322635,4.172788455523207,4.0934148280038185,4.165414828003819,4.24844504864336,4.12544504864336
7.123745819397993,3.347121360918961,3.681939341622951,3.5006067604299416,3.5887033890479434,3.742939341622951,3.5828000176659454
7.157190635451505,2.587553272814161,2.7445289741314807,2.433495549390349,2.5448116571043373,2.8227083033882665,2.5450852140187417
7.190635451505017,1.4095708597002028,1.3596491422246852,0.9901453285532144,1.1072693751353466,1.4468972353889498,1.0860136546281405
7.224080267558528,0.15745485351331245,-0.07379113652149735,-0.4005577294462927,-0.3105640209260953,-0.004907840059099666,-0.3480119606370968
7.25752508361204,-0.8739349612754826,-1.2562967876113686,-1.5231327313534138,-1.4740698165553878,-1.2427507297233307,-1.5424900448473735
7.290969899665551,-1.6296454247972791,-2.0699885429449023,-2.222758724124375,-2.2237513855136575,-2.118813314565732,-2.2978353303978842
7.3244147157190636,-2.0791519069166116,-2.380821871223405,-2.412578426688401,-2.452086591158202,-2.4711895112560067,-2.525086591158202
7.357859531772575,-2.12512957557605,-2.304372108709705,-2.278880417718927,-2.324823938940125,-2.42703323603689,-2.4086545026037176
7.391304347826087,-1.9502360025023484,-2.085499061620272,-2.055455218433951,-2.1024552184339513,-2.2313236888749897,-2.190411375247631
7.424749163879598,-1.735595956108198,-1.866565843728798,-1.8474453942111981,-1.886565843728798,-2.021505618969998,-1.978505618969998
7.45819397993311,-1.5427184733425154,-1.6866531575841048,-1.6766204997048997,-1.7116368286445023,-1.8406858154633101,-1.8016531575841048
7.4916387959866215,-1.3971197276292702,-1.5611047616756113,-1.5521010201871968,-1.5831047616756113,-1.6901234691176847,-1.673108503164026
7.525083612040134,-1.2937892133442017,-1.4657892133442016,-1.4607992508040017,-1.4968293631834015,-1.5767892133442016,-1.5757992508040017
7.558528428093645,-1.2166193226021198,-1.3906193226021197,-1.3906906996142223,-1.4357144919515896,-1.5016193226021197,-1.5096906996142223
7.591973244147157,-1.1616359614079743,-1.331526749830367,-1.3467087691263795,-1.3927451729855822,-1.4476359614079743,-1.4697815768447846
7.625418060200668,-1.1225985016080016,-1.2895483143090019,-1.3146988762060012,-1.3636486889070016,-1.4126486889070016,-1.4426988762060013
7.65886287625418,-1.0987444238589064,-1.2606166357883595,-1.2916805298236331,-1.340680529823633,-1.3897444238589063,-1.4257444238589063
7.692307692307692,-1.0796937852063908,-1.2406937852063908,-1.2747703389047929,-1.3216172315079884,-1.3757703389047928,-1.4096937852063907
7.725752508361204,-1.065638651447201,-1.2288193257236006,-1.2658193257236006,-1.3026386514472008,-1.361638651447201,-1.392638651447201
7.759197324414715,-1.051584017067283,-1.2217920085336416,-1.2558960042668208,-1.2916880128004622,-1.3517920085336417,-1.3787920085336416
7.792642140468227,-1.039649889387193,-1.209649889387193,-1.2477665929247954,-1.278649889387193,-1.342649889387193,-1.372649889387193
7.826086956521738,-1.0266085390678013,-1.1987390260452009,-1.236739026045201,-1.2666085390678012,-1.333739026045201,-1.3648695130226005
7.8595317725752505,-1.0178559025689147,-1.1918559025689148,-1.2297118051378295,-1.2588559025689148,-1.3225677077067444,-1.3585677077067444
7.892976588628763,-1.0096862932463957,-1.1866862932463957,-1.2218431466231978,-1.2538431466231978,-1.3075294398695936,-1.3485294398695935
7.926421404682274,-1.003,-1.181,-1.224,-1.2498293631834005,-1.2954880895502014,-1.3366587263668008
7.959866220735786,-1.001184199128991,-1.182184199128991,-1.224,-1.248,-1.2856316017420177,-1.3254474026130267
7.993311036789297,-1.0021970032160021,-1.1818029967839978,-1.223,-1.2471970032160022,-1.281197003216002,-1.313802996783998
8.02675585284281,-1.0042107866557994,-1.1785784266884012,-1.2177892133442005,-1.2492107866557995,-1.2822107866557995,-1.312
8.060200668896321,-1.005,-1.1727756991731029,-1.209775699173103,-1.252,-1.282,-1.3097756991731029
8.093645484949832,-1.002762846944798,-1.165762846944798,-1.2052885408343945,-1.2497628469447981,-1.282762846944798,-1.312
8.127090301003344,-0.9987490635050007,-1.1617490635050007,-1.197,-1.244749063505001,-1.283,-1.312
8.160535117056856,-0.997735597475197,-1.16,-1.193,-1.238,-1.2835288050496059,-1.310735597475197
8.193979933110368,-0.993722697105598,-1.157722697105598,-1.190722697105598,-1.2331680913167942,-1.282445394211196,-1.308722697105598
8.227424749163879,-0.9874178273316018,-1.156,-1.1864178273316017,-1.2254178273316017,-1.2767089136658007,-1.3011267409974026
8.26086956521739,-0.9816954957772913,-1.1536954957772914,-1.1816954957772914,-1.216086487331874,-1.2706954957772914,-1.2903909915545826
8.294314381270903,-0.9727301890655929,-1.1453650945327964,-1.1730476417991946,-1.2040476417991948,-1.2646825472663983,-1.2846825472663983
8.327759197324415,-0.9623375276532016,-1.1340062914798024,-1.1610062914798023,-1.194668763826601,-1.2570062914798024,-1.2750062914798024
8.361204013377925,-0.9539661822381563,-1.121621576317542,-1.1489661822381563,-1.1843107881587709,-1.2473107881587708,-1.262621576317542
8.394648829431437,-0.943927192281595,-1.104211987135992,-1.1328543845631902,-1.1705695897087933,-1.2349271922815952,-1.2468543845631903
8.42809364548495,-0.9315144559496042,-1.0804002979118075,-1.1094002979118074,-1.1507716839244064,-1.2195144559496043,-1.2214002979118075
8.461538461538462,-0.9130764619073973,-1.0495376314333151,-1.0789223390518357,-1.1203070466703562,-1.1983070466703563,-1.183768216196274
8.494983277591972,-0.888817980703988,-1.0116247234679834,-1.0396247234679834,-1.080226971055982,-1.171817980703988,-1.1350337138199773
8.528428093645484,-0.851473105630213,-0.9622384980748164,-0.9912384980748165,-1.0288269622230177,-1.1348846414820117,-1.0738269622230177
8.561872909698996,-0.8010526695700302,-0.9032030509371773,-0.9283534323043245,-0.9673534323043245,-1.0870526695700302,-1.0055038136714716
8.595317725752508,-0.7429935639807765,-0.832555661729575,-0.8562419549759706,-0.8952419549759706,-1.030431466231978,-0.9213661504735677
8.62876254180602,-0.6783213432530202,-0.758062914798026,-0.7706112291070272,-0.809062914798026,-0.9638696575620213,-0.831062914798026
8.66220735785953,-0.6086316017420188,-0.6707719576846898,-0.6748421356560252,-0.7193070466703574,-0.8862368686990221,-0.7398421356560252
8.695652173913043,-0.5373950623727758,-0.580004801920769,-0.5814828540111703,-0.625004801920769,-0.7960048019207691,-0.6455267498303676
8.729096989966555,-0.46314696045642356,-0.4926714538658275,-0.48917961833562884,-0.5341796183356289,-0.7016877828054301,-0.5511796183356289
8.762541806020067,-0.3899097711797113,-0.41340475846747304,-0.4038997457552348,-0.4488997457552348,-0.6083847076185199,-0.4648997457552348
8.795986622073578,-0.32422697105598325,-0.3407087691263821,-0.329190567196781,-0.3706723652671799,-0.5191177594783766,-0.3861541633375788
8.82943143812709,-0.2640841901978187,-0.272488234089623,-0.2675522048284202,-0.3060202194590216,-0.4384242633508259,-0.3200202194590216
8.862876254180602,-0.21554885589855863,-0.2179135126681262,-0.21745862707827035,-0.2510037414884145,-0.3738232838478379,-0.2670037414884145
8.896321070234114,-0.17653318584959038,-0.17241648231198797,-0.17797483408078918,-0.20641648231198798,-0.312624723467982,-0.2259748340807892
8.929765886287624,-0.14756718874840993,-0.13385078312261495,-0.14442291833121326,-0.1662786479140166,-0.2587065127054183,-0.19856718874840995
8.963210702341136,-0.12007391945975054,-0.10548870335170066,-0.11431827113560088,-0.13231827113560088,-0.2131478389195011,-0.17507391945975054
8.996655518394649,-0.09940899035199356,-0.08200749195999463,-0.08740899035199357,-0.10281048874399248,-0.17561348552799033,-0.15000749195999463
9.03010033444816,-0.08055085980880626,-0.060550859808806264,-0.06593857476100783,-0.08093857476100783,-0.14732628971320938,-0.12893857476100784
9.063545150501671,-0.06612404658213272,-0.04349872877617696,-0.04949872877617696,-0.06349872877617696,-0.1238734109702212,-0.11049872877617696
9.096989966555183,-0.0550840456583974,-0.028445394211196528,-0.036084045658397394,-0.04744539421119653,-0.10444539421119653,-0.09644539421119654
9.130434782608695,-0.04604269533900547,-0.01769513022600365,-0.02669513022600365,-0.03569513022600365,-0.09004269533900547,-0.08469513022600365
9.163879598662207,-0.029338321984552638,-0.008669160992276319,-0.018334580496138158,-0.028003741488414478,-0.07966916099227632,-0.076
9.197324414715718,-0.017642397427198503,-0.002321198713599252,-0.012321198713599251,-0.017963596140797757,-0.07867880128640074,-0.074
9.23076923076923,-0.009614830547603906,0.0023851694523960923,-0.003614830547603908,-0.010307415273801954,-0.09177033890479218,-0.06930741527380196
9.264214046822742,-0.0062944787982323535,0.005,0.004411042403535292,-0.0052944787982323535,-0.10982208480707059,-0.06529447879823236
9.297658862876254,-0.0042810488743993125,0.011718951125600688,0.007,-0.0022810488743993124,-0.11528104887439931,-0.060281048874399314
9.331103678929766,-0.002,0.019198203696194394,0.015465469130796262,0.0017327345653981308,-0.09887085804221309,-0.05353453086920374
9.364548494983277,0.0017456228996735232,0.025491245799347046,0.021745622899673522,0.0054912457993470465,-0.061798148103591244,-0.051
9.397993311036789,0.008518201929601118,0.03251820192960112,0.02951820192960112,0.012518201929601118,-0.01940899035199441,-0.04548179807039888
9.431438127090301,0.015545768809195908,0.039772884404597954,0.034772884404597956,0.019545768809195906,0.013410190832185675,-0.03768134678620614
9.464882943143813,0.021571449195158892,0.04078572459757945,0.037,0.02457144919515889,0.03357144919515889,-0.03321427540242056
9.498327759197323,0.02679925080400043,0.041,0.03779925080400043,0.024,0.04159850160800086,-0.026401498391999137
9.531772575250836,0.028813034243797834,0.04381303424379783,0.04262606848759566,0.028,0.03737393151240433,-0.018560897268606498
9.565217391304348,0.031,0.045,0.04582582629548532,0.028825826295485316,0.028348347409029372,-0.008348347409029372
9.59866220735786,0.033,0.049,0.05267880128640096,0.033,0.016481798070398557,-0.002321198713599039
9.63210702341137,0.035,0.05185318408299753,0.056,0.03685318408299753,0.010146815917002469,-0.0018531840829975315
9.665551839464882,0.036,0.054865927993391184,0.05886592799339118,0.04,0.006134072006608818,-0.008597783980173548
9.698996655518394,0.038,0.057,0.06087955048240036,0.039,0.004120449517599639,-0.01575910096480072
9.732441471571907,0.04378666784439523,0.05989333392219762,0.06,0.042893333922197616,-0.0008933339221976159,-0.02
9.765886287625417,0.04490602969129703,0.061,0.059,0.04490602969129703,-0.006906029691297031,-0.01709397030870297
9.799331103678929,0.04991970032160005,0.062,0.057,0.04691970032160005,-0.013839400643200089,-0.010160599356799912
9.832775919732441,0.05106651623860251,0.06293348376139749,0.056066516238602516,0.05093348376139748,-0.018933483761397488,-0.0011995487158075386
9.866220735785953,0.05394613138920312,0.06989226277840625,0.05894613138920312,0.05,-0.01994613138920312,0.003
9.899665551839464,0.05995985016079991,0.07695985016079991,0.06791970032159983,0.049,-0.016040149839200084,0.00991970032159983
9.933110367892976,0.0659472672011947,0.08102636639940265,0.0749472672011947,0.052,-0.011026366399402646,0.012
9.966555183946488,0.068,0.078,0.0799862330871088,0.051,-0.0020275338257824235,0.011013766912891212
10.0,0.071,0.077,0.083,0.049,0.01,0.011
